378,914,577,true
105,785,862,true
557,210,753,true
670,499,847,true
903,777,650,true
645,440,837,true
772,165,641,true
527,375,304,true
774,446,635,true
905,864,768,true
401,829,964,true
672,145,533,true
433,442,855,true
675,620,56,true
998,248,820,true
984,872,689,true
734,269,524,true
432,478,260,true
536,745,807,true
487,452,479,true
417,481,616,true
216,495,563,true
789,368,494,true
580,711,549,true
272,889,969,true
646,882,419,true
422,801,860,true
558,119,482,true
466,328,755,true